y_true,esm2_ridge_pred,esm2_gb_pred,rf_baseline_pred
51.3523074167422,52.52948,54.242160243499946,53.26699841903362
57.8391990688453,55.814316,56.66767035243353,51.004156300718584
58.472872268787,57.59771,56.02599953923245,52.9599172367224
49.0335432128204,54.572956,54.25591350879596,53.33792193059
62.2106682125662,57.196762,54.96727530043207,53.54964230978028
60.1685618044359,55.803772,55.50483543831627,50.19053560064849
45.0762148712921,48.528076,47.28949908294845,49.65448736522162
47.0663932527835,47.248383,47.84870350016597,48.96972749395604
48.6102205282669,50.71012,49.29667452275781,50.347793758372575
46.7503674585136,50.062088,50.6109294397374,49.61143604597357
60.3484048576814,53.900024,55.999014765498536,59.389589200438735
62.5040533602321,54.2036,55.1809367617967,60.942976777787344
62.286507996874,62.908497,61.27854271004132,54.96203244137019
61.1842871561127,63.090607,60.874219942185654,55.57536966884474
51.4360785053754,50.71763,49.647010475798744,49.285698303980695
60.6547687454154,64.23553,61.45767804906934,56.79158520510947
63.0479202983163,63.2913,61.87042938138817,56.71267237445307
62.5842980848717,62.87782,60.766547365851714,57.694117197817725
58.119754138773,62.136047,59.388865958204384,55.79541942167614
60.8417341697146,61.56399,60.6577622798194,54.69162328838801
57.5428106694593,62.017082,61.52746548373817,55.119604529778044
61.1006190010419,63.699066,62.875042324994055,57.90459434374162
60.647082446187,63.70159,61.32541676748033,57.7986338227384
56.6271815505817,62.62424,61.50124765267088,54.03744033462853
60.7643975409225,59.587803,59.03447513348336,54.576000553225796
49.1092199688634,50.456913,49.34453501414702,48.558881294661404
56.576697862829,59.04962,57.36666214923351,52.398682677749385
59.2237370320674,62.986633,60.46084130791889,56.50106165500114
57.4228581200224,61.701523,59.908913860486436,53.43270965775267
53.3378825110958,62.137074,61.704046083376035,55.186148577927206
55.1225996072743,64.59321,61.459494274917326,57.07533472177519
60.9168998873714,63.09195,59.97368565701108,54.57548378854986
61.9359977223159,62.469826,61.44009286071897,54.68401400198441
56.9740024465778,63.062622,62.580922558837436,55.941495454164645
59.0307812812929,62.93757,61.022164262327465,54.347137600956586
58.0199598837037,61.58824,60.48706949529555,54.495737783819585
55.0361160410826,50.02495,47.69814988571023,52.543548707775315
61.2993813926762,63.381226,61.253694447372006,55.43091974387243
57.6475699382082,61.34904,58.89627372951447,57.006978989682196
50.5506774003956,61.89621,59.280152043807355,53.80590477071494
63.0895092432644,62.256493,60.0081010117015,56.992110361626665
57.3048556517328,58.059174,55.624559504011714,54.279635652514735
57.6935562307257,64.534805,61.26272530286939,55.55422604254225
57.8959867001848,64.24559,60.862524073685535,56.86125321315659
54.404134376105,56.045975,56.67531113819419,54.50818025108449
51.936173078642,57.783073,58.34026104213711,57.904225520658436
59.8357943432034,56.828003,59.532394996750355,55.90581037929033
51.6457115589109,60.060104,61.21415484861086,57.244009685275586
45.8182693021774,50.35617,52.319008046980564,53.15869992038503
46.6886088570909,51.011803,51.24215864673487,54.37357568111524
46.0932892723819,50.594444,50.697812703429264,53.585084434218906
62.1103392168289,58.29047,56.87793892632462,55.71781380051054
57.1265301499688,59.076263,60.862044232727925,59.046298007835404
62.2663488621143,59.889915,62.25487979170251,60.67135064869396
63.102659252527,59.37271,61.74038030215833,61.24448129100503
62.1731579863979,59.493526,58.161096990470945,56.83837578312616
63.0720680569022,59.271317,59.351873958922745,60.26362759024937
58.5159698616203,59.118855,58.262752279139235,60.834139953401134
49.3569846704089,51.88694,50.735929954968235,52.462156933732004
61.9483078073679,59.966232,59.49327155424667,57.47409677017493
59.790373654463,58.454727,59.5828078191541,61.71876231509695
63.5816928643367,58.058365,59.55259055872535,57.193303929954226
50.4320396315816,56.98696,57.694627745207974,56.34779804694641
62.052501461548,60.409794,60.59627769405585,61.35804630951971
60.1726844375345,59.665356,60.07030680993374,60.048706068440936
60.1126942084193,60.19978,60.991297115591024,60.46477027032242
58.6080352370073,60.967396,60.25297823992977,61.492741356391456
62.0258806307743,59.95818,60.853716724772404,61.751723677854436
61.6763173065485,59.35372,59.0566103486873,61.879330484779636
43.2917509901079,50.986237,50.13220821118962,51.08242387688415
62.0630629004717,57.162067,59.03056630178767,55.87269335669953
62.2881511039011,57.215523,58.93880468953488,55.60204527203163
59.2123955629375,57.01855,59.31209099149365,56.33761730555089
45.9346568737087,47.275032,46.881691517698385,46.89566970019672
48.0430662522535,49.726727,51.90974964757481,48.63912634385119
46.9225581090049,51.52027,51.89027327625832,50.85303954947887
46.2174639662373,50.430107,50.908969954774705,49.922511596170324
50.7072276114515,49.224365,49.69395628149286,51.39821602210602
46.3423943011492,49.380394,51.43494275967727,49.82406361671169
43.2647427602961,48.78786,47.612516105210396,47.11598319248982
50.3463885578068,50.107227,48.16536462140645,52.71026564210164
49.7634131765008,49.159485,51.189531910778435,54.683434729647615
46.3859127932798,50.796913,48.22399735427989,52.01290311924777
56.470221916076,54.551083,52.03545908700152,50.66593433439824
43.5783340618054,49.167294,48.804944878301946,51.926944712210364
44.1335596635714,48.62947,48.09775467550803,49.533485371342415
53.0606160428447,50.162735,51.279665340046094,48.813307113616176
47.9974979300152,48.729424,47.35252614836314,48.20514833631621
48.3197790370011,48.752274,47.956051598707006,48.954315776220554
49.6827804435279,54.09048,54.016963170752575,52.16009650729777
52.4350714607365,50.34009,48.2653744031505,52.78148623902025
45.9628837208323,53.294857,57.9646859792318,53.665578905564665
58.1807705922947,51.577545,51.29474027598828,53.576478476548715
49.1869650760852,51.597847,51.432545072935106,51.027860048646374
43.6657872230473,51.24961,50.995799510936145,52.20025461508759
52.2544604580558,53.98923,55.80053194220323,55.56368689025265
52.1569234092779,48.62551,47.84425458956639,54.256887796814574
61.940116901458,54.2106,52.92940886241728,52.99666624879053
45.8878807397659,51.344612,52.11286347376657,51.748036884535715
52.953721837919,50.114773,51.09078992646222,51.580181870068316
51.1397549899091,50.32548,50.48760701421758,47.28683162455596
49.588992070683,50.78046,48.91199833828823,47.14033660507501
54.9719757400464,52.612858,55.28990606422886,52.79749219109167
55.7325043941962,51.123962,50.01084760811278,51.523911353474524
58.3314946583291,50.271183,49.86122107980326,50.9855226592486
48.2730056735353,49.494026,50.13453620848354,47.74864471676644
50.0574283782926,52.253845,51.990824742807554,51.321900716499385
52.0118836399478,53.07686,50.90921693749999,52.844389333968586
59.5667394637277,58.448936,58.395578031674496,60.539171602727066
58.7199260947605,57.11621,56.39738494899472,56.75307115067332
53.7801291243478,52.169548,50.484828468156614,53.65033273638863
54.9903675998657,49.88187,52.74003960599493,52.641344091830334
49.1566599263434,49.79301,48.645915189144176,49.3148912887835
56.4892959206809,57.027405,54.10601527703992,53.18537227404504
49.8663297861629,54.27094,54.93229496271606,52.81215267016259
47.1118319710096,49.084965,49.68147066516168,49.242999484309436
44.1894655925691,47.421387,45.9777090388005,48.397739737987735
52.0959999567327,53.29616,53.1631483064053,53.798521291853774
52.3147501922429,53.46163,52.88979524093258,50.375972673465206
45.6305047847424,47.506966,47.53222307246953,48.36408245195319
48.6734894315227,48.60072,51.98148991263245,51.34777942937134
57.8765515575724,58.983086,56.95246208349006,56.20619836779945
49.9775370224964,56.17887,54.488001583032016,52.92796064511529
51.140315869229,55.134335,54.83441822267976,53.13165825994022
49.1624131543633,50.50153,53.649470550742784,51.90968347254531
48.3152196382681,47.275646,47.805162079820555,48.58758133388895
50.3827187457953,51.797333,52.98127127322181,51.873045788544815
48.85195606552,49.175743,49.703749426373044,50.281349810838975
48.8918912906893,48.296856,49.69117234132451,49.93176621297945
45.1957548053169,50.96977,51.888140120436695,52.242155961821275
47.077721829457,50.443226,48.768732575317244,47.34059105526334
44.3774716389364,48.502235,47.88782843333333,48.93275515489814
46.2337834330283,49.073853,48.12130764749447,50.41536029357154
48.2411243826822,47.3592,48.38495696515658,50.31026946355409
48.8554936248173,55.323715,54.10593480592024,54.97883034587088
51.9285247294335,49.629692,49.58794620333759,49.0060170915754
55.4517316219225,53.654037,54.47641849547793,52.9103163444755
51.7737234851587,50.11121,48.850715587129294,49.36913364545853
49.0376429889206,49.718548,47.10049851422133,50.45065236792165
52.5582911978951,55.24965,56.20355028497078,56.12533739218601
52.3453915136724,55.292908,57.16179063093001,55.53599747970391
56.5951832298313,54.359695,54.44069605766242,54.36086025893753
50.1530309089174,55.040512,54.90649444624281,54.57528221019682
48.9111323738419,48.97373,46.84660650315779,48.791867606014485
57.9545521847442,60.184338,59.75438473903203,54.50129711116642
60.2744367517918,51.86296,53.746190479875686,52.936214327815804
45.3126764000116,48.748314,48.35395170222326,47.43121008630792
53.7333683479132,55.60932,56.25810405531471,51.749566840469754
47.9573577634722,49.35966,49.11417349325781,49.059613348991164
47.142702398417,50.046757,49.239621005714724,50.49936965681076
45.3524797589804,50.074448,49.187812772025595,51.85203076003309
45.220589755506,47.84287,47.384124652356164,50.64153819653384
51.7548911255928,50.02576,51.45801087059791,50.541779579162885
46.1481076219561,53.44315,54.00445287306785,51.796287748548785
45.7621442797211,50.90744,51.8454991275631,52.37920572502155
43.7956710765956,50.751495,49.23905446556487,50.006572033408546
46.6469170707366,49.073364,48.87321550011659,47.67963658969721
51.7787455172794,50.66872,49.82006681936947,51.70239810217062
46.9660972958817,48.72836,47.27135551874742,48.59190305591184
49.1091024985301,52.527065,52.875669278808246,51.86845679847158
42.7185327264608,45.78356,47.12525288393977,48.72607916041221
54.9117813184488,52.93232,52.240746722861324,50.74625336944739
43.5285546051623,49.876328,47.0459855561225,48.693258077257475
46.4188164697263,50.229855,52.77601178283371,49.601737581376234
58.6479472909205,55.152035,53.89853507134189,53.89027696212892
54.9001137315289,51.5227,50.51639309994152,51.02403339475833
53.0390827884003,49.576855,47.69205946597048,49.45877575972966
57.2961604954407,52.334312,49.58707417392831,51.517990408745725
57.344334548059,47.936768,49.60129031127342,51.24268286987781
43.6653185671056,50.52224,49.73518579405983,50.06104769820119
53.9779834590769,48.947178,48.89741744696263,51.00733630919974
49.1528510718625,52.702805,51.44279438217616,50.88186332077465
46.0615579654434,49.106453,48.66411643482968,47.75016805848801
53.3834640135436,57.047092,55.64308037228526,55.35700688832387
51.2993265816376,49.364925,50.58717406206446,51.033879423005544
44.2293937289711,48.103905,48.25451446948972,49.13653594361557
55.1354554947263,49.110737,49.28607327579108,50.60066809904145
51.8602881373606,59.109344,57.603095830143516,56.68293140049728
57.0530475228309,57.412407,55.86388085168873,57.86241623990969
60.892326451647,59.678566,59.4106596918097,56.17713864755326
47.2578774927615,48.640198,47.357804307416295,49.240741113238045
50.8766658427615,55.87348,53.74443663240069,54.8968710316998
52.2057796335562,57.7015,59.24821355170825,55.25955401447707
57.7912506633082,56.43598,56.09490386822657,57.316172047274534
54.173977410849,57.665916,57.30093660821403,60.55709355761935
64.6582924416031,59.876545,58.179227569402386,58.48588603917813
62.8883445944283,59.38284,59.48941311741532,57.891452516419406
58.2856804995925,58.954147,56.37919482489154,57.1552387316619
62.8757111630121,59.771973,57.81736941094139,58.17707602944619
58.8808177149282,59.73965,60.858065192118694,56.69251648723296
57.142519405183,58.829144,58.733991567594806,57.86766834616369
42.1680639625307,49.375008,47.55007549976699,49.33258319916623
60.5100434321751,56.40445,57.50772013390107,57.420275489293296
53.3923484831736,57.29312,59.66557349410346,59.783151466608096
60.7987420110217,58.592525,57.19641984973593,57.17444321529431
52.7776764373744,50.995846,48.7940106129671,47.12095735407907
52.5043221366377,55.832115,57.82880531121565,49.39883573559907
60.5721493454301,57.55717,55.290686702344004,55.82743396367561
55.8915705008812,57.55717,55.290686702344004,55.82743396367561
62.07699477214,58.651257,57.81630586856696,54.58349826286851
58.3937076226698,52.524185,51.59432069288832,53.598960494060854
48.8843186777251,54.11003,54.44674801197363,55.02459247999287
47.0815296593563,48.805546,47.84253985661095,47.39310106212695
49.3526453231378,53.84043,55.63061459573276,54.301966400535775
62.0596292835765,53.54499,54.56426820128419,53.88114699521454
51.8952722500287,50.540245,49.71434214048029,47.919986550053366
52.2048784123925,53.098072,54.77817343720393,53.09100183554789
48.2217226724034,48.86995,51.58948098734663,50.21019850418663
46.3415198724898,48.741917,51.194108734677755,49.83213487021047
50.7413437220737,48.28957,49.208489822010414,50.33194168455047
49.3295939914756,49.176495,48.57839285097896,50.56615250786272
49.3141680433177,49.807594,50.17185098583278,50.08390564433946
60.7684924567146,56.66066,57.854872433448314,56.70967094509414
51.8714938381899,54.149483,54.929499313334894,54.6661476542647
62.279949099225,55.462162,52.352157791019515,53.00551551937977
61.974454576158,53.97648,52.37090045150558,55.527906838164974
48.4008270338668,50.198643,49.051499384287105,51.79698618296694
62.3179664388123,54.529636,55.356893002516145,51.39272523521547
47.1868235350341,47.912804,47.74346641718193,53.17198882409706
53.9685905243487,53.672066,54.86976672417897,52.17990653677159
45.1646166398409,51.255337,51.63267841020756,51.53016636208706
51.9199623039414,52.59022,54.79617566610618,53.68649812964529
44.9618094880251,49.161877,46.728962912728136,49.06028436881812
43.0657100014716,48.31296,48.842911803517666,50.000463370510694
58.5487283114139,59.47102,58.45063271991966,54.25749170317867
46.2560796201412,49.031494,48.450060598911186,48.04012850524985
59.9189518135189,48.177456,46.75496878672443,48.477963961387616
45.5597385433388,49.030186,47.829631823623295,51.489867487549475
59.2925930025534,53.036503,54.14328073574683,54.15313548338746
47.8822903829664,50.45365,51.24565568999823,54.91199466124017
46.6840960658625,47.26619,47.50570801140941,48.33583935668646
53.5411932558635,52.89762,51.87409181603911,52.18990805322252
46.9319303572617,46.66703,47.89848945356739,47.84320072380201
62.1436739823547,61.495537,61.067283297555015,57.194444686040036
57.8100890655185,60.96343,62.06323254530355,57.2095949367272
63.2178202245082,64.25033,63.135959116851836,58.22718971310895
52.5262982659972,55.753242,55.90010272244825,54.21428931074472
57.1173385023374,61.009434,60.86082634051391,55.466220870331455
62.0462502735943,63.832607,61.53530525860964,59.37889400814507
62.3986751540908,63.19471,62.96739993804449,59.15594142983117
62.073477588512,64.07814,63.24554838324026,58.094190271699865
58.2085596354096,63.35413,63.13155115738887,57.580195861576385
47.1875701966676,50.205185,49.1993135308203,49.46539803631897
50.8821833806115,53.797806,53.845777263380306,53.52028797162509
66.9985850730637,51.08121,49.86642724303462,50.05600418630136
60.3054137551776,52.80001,52.43092411543391,54.16879300786909
51.209549650588,51.028828,51.72407497818165,51.671227991141556
51.6402887449968,51.14428,50.74756101093298,50.098355144974875
43.218044116649,49.38031,49.24875176813383,50.623166583368565
42.4957375074398,49.582905,49.5680501284191,47.75236247844582
46.152884066189,47.869003,48.21062335304319,49.633744292157616
46.7033244487163,53.94403,54.64536782126939,53.91984940465036
52.3666354168328,52.865772,53.4328467578158,52.821515934401305
61.141791668689,53.465374,54.87367932418901,54.26898361390824
59.6803605863353,56.512146,52.59816274913161,52.72113477344667
53.8023415307395,50.597923,51.93212247088281,51.81181089540375
50.6282292258835,50.094963,51.58276304924655,52.098689878674
51.1819210719173,52.87156,51.80118326104285,49.580610477848296
52.4899938276132,54.614025,55.13737271256164,49.710463175996644
61.0211150747308,48.330746,49.711335322195325,48.947266476078624
59.774403806801,49.554916,50.19901331223183,50.36445292884318
51.5476826206413,52.046024,50.04350154158119,51.07343194087841
49.2676509294167,48.886795,47.57792981012449,49.52161256977374
50.5407724899842,50.975723,49.63103244304172,52.70669111834643
42.3440526810037,49.323807,48.56220714506917,47.823780922610716
42.6965606784653,46.82951,47.90725046964604,47.96300634954494
49.7363960029468,51.153202,48.39669747859674,51.20992412708418
56.3156787547661,49.908543,48.23005489962439,48.122389474213186
46.4353855953204,48.75656,49.7661590069952,49.71927783141034
55.1140890589699,54.53086,52.06821495249736,53.788987661706
53.0202703278296,47.930103,48.99104816510692,47.78300244758324
54.6660963035612,49.339664,50.130018392747125,47.22294169984747
47.2697532355097,48.105694,48.77138625832334,48.48933565380924
47.8820820486098,46.70498,47.294559035849005,48.50042088450476
43.9496621506882,47.615356,48.23773740644812,48.1059803930054
48.6925040945667,52.96618,53.67153829469501,51.41860219170749
50.6484172338092,48.71758,47.97765580677448,50.118841273470274
50.0482437892028,48.400845,47.41086365910211,50.506211571305876
47.9778108035457,48.695698,47.89865390145396,53.26011441851024
44.1795402800145,48.925648,48.90246327537891,49.25471687081408
51.8698225814475,54.448097,52.00756750649869,54.12243780521712
50.2608915571426,53.257793,53.88552221622612,56.58184132034619
61.7389410566079,58.04219,58.96076200917248,52.11646600788018
50.7343078327322,51.752098,52.68868838726638,51.25636881253926
53.8025283282205,51.821747,50.985001214933845,53.08073000820154
49.2284782295114,48.32099,48.569857938453985,46.55296456428515
47.5299868051865,48.012817,48.54996643667479,51.164488586570606
47.8542595909144,50.10093,49.13482405171874,47.154784295042056
47.3955969592227,47.356,48.35207638798113,50.897885669721916
44.7733297302337,47.878098,48.044524225567784,48.02545570789686
45.8289668803087,49.103714,49.167499082354496,50.39442170434739
59.5274059512479,53.04759,56.561835724992,56.25814998258814
48.3064642086722,49.135372,48.334169441221526,48.3569448382851
55.1822077445873,53.39623,53.02138145091619,50.56903505976524
60.9586901986746,61.780766,59.364597450154555,55.43285998986707
61.4890695676834,62.57966,57.951547123330954,55.809434662820266
58.16377051042,61.42589,59.19426178219103,53.815657136203114
60.804739320294,52.009346,52.325241046718936,54.507334824067485
61.1804299684293,52.830364,54.46344958448214,51.18259709652309
42.0060358241283,47.82723,47.32938478464145,48.47449486894484
48.3351218588677,50.88259,50.33853596412658,49.6631341513648
43.2497960468963,51.817913,49.525355574522976,50.870699723853406
52.690840199785,50.087063,49.14076839503723,51.27068657247332
55.0544635062543,53.65071,54.43209022143247,55.327748302283005
48.9727965717234,50.992435,52.03642768539704,51.11204256374105
52.0697055442527,47.430202,47.76321961141371,48.42252310284278
48.2643932754576,50.93001,51.35489692620773,50.428043340263024
46.0815855096804,49.039513,49.049841779824675,47.21029601157468
45.6541513086409,47.941395,47.78184488119703,50.50877385731221
54.4845037621856,53.472115,55.161129371027975,53.29347509135336
44.7070053155257,48.81488,48.668445355136704,48.72183518490569
51.2422361562771,49.93431,49.72279118111532,49.051384007045456
53.4400107319156,50.68021,48.40146963997307,50.63326602027967
45.8964940979732,46.112103,46.02638074603293,47.69289798151245
51.0956278007531,51.12559,51.28713823371719,49.58864835475356
44.6209496162635,51.454292,51.73533227414901,50.58580805073107
53.1349768670815,51.04949,50.934552545394176,51.21424086990592
44.7408612215987,50.86294,51.266089180260664,53.05623377707488
59.1403803292709,50.058937,50.27300125261146,48.178919459429835
50.140692734365,55.84561,52.751539651094646,55.544209153281116
50.6927494005697,52.634068,52.930624424006446,50.91647578214066
50.8713905464391,49.30856,49.614637548087174,53.854811559336206
48.8470086823313,53.459343,54.795079482819,54.78378316727207
53.3507129737229,50.555054,50.43509608164832,53.62505463478967
57.4671605052987,51.042675,52.02783508973224,51.68296721231646
48.162808243545,50.860256,49.23488655028153,51.32639169620681
60.8829749405767,51.156235,50.50388771885372,53.04432654585791
59.2115206128118,52.278187,54.84478770205025,53.83889274618579
52.2171206621776,52.81424,52.69783591325423,52.92084651186683
60.3224848744437,50.275925,50.81264969940575,52.82093647976965
49.2486952499509,50.602547,51.11341446055921,54.20893049655651
46.6483000229565,48.99683,48.30872852324918,46.853465795591916
42.9311301331625,46.057846,47.32912473061377,48.3976082924547
42.1173349288236,47.706547,48.43628702038798,49.990217028372975
47.02823258183,47.445488,48.95760250689325,50.50907561636407
55.8416631363765,58.164703,57.00954515978461,54.14820414937644
62.1286682743826,54.37119,54.78091057088173,53.69134138753276
46.1166108981423,47.74894,48.94736560626916,50.93730395437544
53.3956294945689,52.427147,53.63273214400971,53.36188853855093
61.2824947064449,58.107994,57.220237485725995,48.27906837876155
57.3761397181808,55.95252,56.093906482466494,55.0441249446799
56.1544148154206,54.89497,55.828569680687515,55.131188138709334
62.908171569928,58.48022,58.67057517272534,57.08578946532446
57.4589077549698,56.111794,56.86751935553898,56.97385525826154
54.7825408997174,53.753567,55.737536537533124,56.78953606004692
51.5677938637046,58.144142,55.603907274888655,53.090107805411144
43.2925961261495,50.04676,48.17817699455289,50.92516722715712
53.2740188304682,48.51709,51.07471061631862,52.37742559300696
60.197651845686,51.279945,49.8892252825926,50.26772293839818
42.057941760316,48.066383,47.42160803421688,47.4256746133566
42.9443595047971,47.13589,46.754983675620984,48.238955018880176
53.8588512953798,50.545986,48.71852869153128,49.97724169109591
59.0266239524567,51.95369,51.15020978333318,50.10436380781417
46.8545122077879,50.310783,52.888566278988954,54.92239975037023
48.5367876618024,49.59134,49.05926479763469,53.86945639578993
42.2965911133128,46.3537,45.8317588337262,48.36233231843995
43.7394197592295,49.24073,47.116274672167314,47.71791219388906
52.7375426831431,49.28472,51.29300790190223,51.37077319743275
48.3981475100358,47.546318,48.725156241395574,54.522462141079295
55.1690154709254,48.441402,49.394405209818,51.557094770214455
50.2419679887534,49.315598,47.70414620873656,48.762887811152886
50.8321801714048,49.531364,48.934704321283895,48.76369024315696
52.1581458208396,46.490425,47.68797128191696,49.23551400670657
50.4762061145415,55.62613,52.96138010746694,53.73302538643244
52.7404269391034,49.12496,49.59412467440936,49.03960113785158
45.4758804472752,49.322563,50.7355203410129,48.84299664672344
54.4199488032841,49.77713,47.50734996118388,49.218945389242734
42.3187646333039,48.679337,48.33021860101341,48.79121178040937
51.2660067746527,48.062603,52.05354888961116,53.91727834379955
48.0735042511773,46.940826,48.06389420991286,52.873782852545325
44.3378003937401,51.298725,50.68155009564581,49.9726260845465
47.7346187635598,50.305016,53.27381079368298,53.47634009549086
43.0691609535381,50.049366,46.52286344500592,50.88806853159736
50.0464395335257,54.08308,53.25105451316791,54.023069760564496
52.3804850194,51.125065,50.86868659740988,51.34029067435432
42.9474345969854,50.196102,50.30924555877024,47.39080162394618
55.1357737439251,49.649666,50.8754967357692,48.74234519087415
49.970981996109,52.13159,51.56368382158807,49.05840328778765
47.5464361765392,46.326473,47.30356192772914,47.6755737546844
47.417953328713,49.547142,48.77785907961332,46.293841488961334
49.9804380656801,50.302605,50.2819734601529,52.62199496999388
58.5055590301067,50.8107,52.54321420023521,52.26558586591809
56.0424399343027,58.13302,56.57519814863118,52.23168979000722
43.7476193047207,46.53196,46.738953763699506,46.96136628948745
43.2192067132339,46.6313,47.416408085521844,47.33047794614677
44.8362465791699,46.14868,46.13204861893256,51.434110635187636
56.9110724656239,49.349487,48.56719930578901,49.89155970777086
44.6664890228092,48.086678,48.670639292542646,48.70730564412652
53.0890458542676,50.437046,49.02872332057886,51.86214821389504
62.5221490523448,63.04245,62.598118630037504,55.38199935067947
41.6837178817586,48.860413,48.62124447766702,50.405074597819045
61.6388009966604,55.94248,56.44123034003463,53.23746812390172
62.2375781680567,55.328777,57.26997787252765,55.98799363922591
56.7818061061472,57.57827,54.64247660589577,52.934517434145874
62.6753678971862,64.90705,62.977609574107404,59.554311450287685
62.2913616086274,63.48579,63.33382013675563,59.068628175282186
50.6619183136646,51.116825,51.934916080606385,48.8158455009156
62.2675019802447,51.595116,53.85622575301493,56.09505125606437
47.5268428232415,51.053604,53.72178728669596,52.75712664604154
52.7496961042034,48.9202,49.53517412945894,49.905307144031994
62.5758047092287,53.149605,58.09806247970194,55.94484155388698
51.8578029471574,50.472473,51.185164999340486,51.51656057100155
52.5874307677528,49.948963,51.32557063178664,53.21506132337835
51.6530315879362,54.438572,54.96993199938496,54.789033516090825
49.1684084131972,50.374874,48.75595825167546,49.454140504659634
55.2962116311215,52.69457,54.829648110691444,50.12011416207263
58.4870504627866,56.239655,58.74903292455603,52.42126861843803
53.9447143116256,53.40997,54.627431596132965,49.859629850392466
48.3117746290055,48.50319,48.622338017639514,47.43431492418127
52.502824554619,54.661053,54.07643305193682,54.054697259731185
53.9470064781561,51.589462,50.098776377534655,49.558086779480455
54.9646773671995,51.29879,49.833431285147185,48.32786302205753
51.9730217162573,52.275234,50.45717612279075,53.47067591185341
52.2957587112387,47.023148,53.64018602321369,51.86789614006358
52.1228089623804,50.913296,52.15079175456787,52.08340132081621
43.084904165426,49.556946,51.5331681288017,48.632363047880716
49.1174653270936,51.665894,51.923332665176126,53.588111153405734
48.7078855433126,50.292797,48.91322073184469,51.68425095943585
49.8076523917173,51.876766,51.41944614209926,51.75018565905475
55.0890778699453,51.447605,49.36976356738547,52.07072418844733
44.7545481407665,48.3903,48.64552291745204,49.16846625175454
47.5270438373066,49.16075,48.20684511980555,48.715497592416696
59.186374177942,56.140854,54.508902571426056,53.04500476273442
61.7372717405194,59.649105,58.29885807816791,56.493311642020196
55.7495717805986,48.881042,47.60128388136833,48.436641694419116
51.0697128843706,47.832333,48.66626680783802,48.91400063120713
51.2628317184179,58.496475,56.90620213033474,57.00304575183028
60.2343571644576,55.85726,56.858983879810694,57.18714297750099
52.4648318594611,50.684624,52.207807103933845,51.39126897072701
51.5848308642034,49.627052,50.40875398882694,48.14246151499615
52.8803128714253,48.987457,50.14196209225172,48.043257852316145
47.4294824795901,54.996826,52.544251287917675,51.46466103699218
47.4716269511655,55.177307,53.82563023171132,52.787597617178136
50.0734237492362,52.93481,52.680929551272065,50.82140775044036
52.8867308708835,54.946312,55.60982039039759,52.10618921674819
52.2285859898957,52.2885,53.396811451919554,51.4269058764457
51.3489429118822,55.45005,54.95416863019775,52.676144992319394
57.3462625343882,55.25527,51.68346436812786,53.24611448310607
45.8392784376186,48.9196,49.433275795619544,51.63106198579751
46.9952448702296,48.86787,50.9061872978952,52.30365418700275
45.1765206723512,50.721836,51.53105961225498,50.021623376089366
45.9760666776829,47.248764,46.77833490042945,49.115010710346205
54.0387094649645,57.221535,55.463123754765135,56.111042721901484
45.2446847193822,46.533638,47.818295168623116,49.48650266320248
45.4837481209212,50.80111,51.45163534962954,49.46138965534607
50.5577220987493,49.77004,49.70306995959242,54.61332936022122
50.7263253741515,54.841873,56.7311575637039,51.623332190569954
49.2076927970297,52.496216,52.18552277757814,50.622122558800385
48.286297876027,52.261826,50.91544382154183,53.89786212777477
52.6785866987004,55.108112,54.46425154040924,54.31332712383625
50.4495913602083,52.483902,54.62912909386844,50.493771064885166
49.8737057377441,51.56917,51.08053010032278,50.22029775938724
54.9111935809611,54.724968,53.99701262726091,52.1997480937504
54.2926330292645,49.66764,48.59736810540357,51.54172246152
54.7355732233855,49.230648,49.8884252678463,47.27207634050622
59.4914804696853,57.853176,58.276723614942654,53.59910871189513
56.9489624368959,59.56552,58.11389484301531,53.940138951968336
60.4614226461261,60.327026,60.52069678613826,57.16212222688396
53.2841870330468,61.430157,59.68436299888908,54.91965917130804
41.4269289181915,60.8588,58.917296613760584,53.646265831334105
54.8863542742678,54.472244,52.849915164627106,52.21483529362356
54.538677376283,51.524124,52.729964254423216,54.11230649799807
47.1130912006215,54.057632,52.67670137210247,51.498354228642704
45.0865465417687,49.765102,51.51444454455877,48.48801611917072
48.4130304183184,47.08081,47.73744672854392,50.641723165913916
47.7778131846691,48.853024,47.092574831481436,50.364245898112465
46.6609556583587,49.60303,50.17652295308696,48.840276627484165
52.1439747872978,51.472675,51.91170096894072,52.27003578239662
59.574221783748,53.013542,52.563030965768476,49.65673974902795
43.1468237075957,47.81283,49.54191676924625,52.39396708534021
47.5575541922633,49.166985,48.17396743606656,50.54960466731047
59.2042178903017,57.264523,57.50392669164355,51.61546699654227
50.4733829167844,50.004173,50.18010101228919,49.95212950925836
50.7234417075221,50.021942,49.35662733337616,51.72764681764286
53.7947366489423,49.6271,48.14102934295439,50.17005212043715
48.7891019386275,50.548126,50.83591945787375,51.92681433651394
56.0084452637074,50.082363,53.72646813409555,52.50437263795063
52.8504578184738,48.62161,49.982186011536015,53.546077732676515
44.876465614538,48.863255,50.11931373889739,47.251735304330786
49.9615042325567,51.08021,52.116774643935756,52.24376123690155
47.4734278078027,51.481316,50.3190972310398,53.10609314683793
59.2302673415469,54.64483,55.48701136615947,55.19463306155892
54.3896253075839,55.79294,55.50879205630364,49.58373024392542
52.912221053266,49.973106,51.52123686982772,51.52730695907704
52.5565472315443,51.17034,52.589514697587816,50.84380907269016
45.2261287589038,49.832844,48.84578910387463,47.943417860740475
52.342199765013,55.69548,54.87586865281658,50.603602009894466
57.7015256885272,55.69548,54.87586865281658,50.603602009894466
59.8555187704242,59.481342,57.006124646671346,54.789523907508844
43.6314911655899,45.917965,46.70167600506424,48.275069107079915
48.2909682001886,52.79291,49.39774711042205,48.21268962042782
56.2777537213918,59.52173,60.809387760067104,54.74741119474234
59.5576499622833,57.280922,55.80666166406876,52.425195866908254
50.5358201394699,55.89194,55.14023764636913,51.13942056465475
50.4342825242182,49.85369,50.961600731658,48.097184275715435
52.5790257076165,49.62329,49.55896414759938,49.44406876900745
51.9885632496737,52.62651,53.85797388386749,51.964723419219766
52.3126709142615,55.354584,56.95831279731235,51.539366626868826
59.1852943176607,58.519577,58.24383132901313,55.14001728521205
43.53346330649,52.145317,53.231579087757254,52.99470361810054
61.2380006186714,55.761894,55.935680650909795,50.60849794568126
61.1701560645609,54.978615,54.44136798245254,52.5751293968928
62.6937747826917,62.764862,61.344699922620556,56.41825836292595
62.4721765415823,55.734417,56.41272256482773,52.96332536704284
45.9477275244469,50.64579,51.73456174384423,53.30152271889012
54.2127391060902,54.816315,53.211928194584125,55.643140841355574
49.6703352941466,48.606422,48.05153061487037,48.992457355818054
44.5216369130686,45.316994,48.33385840092325,51.76884950458673
46.1111564443489,47.130802,47.400295185186266,48.754852322322066
47.4569437487298,46.992535,47.06256443461311,50.4455140940142
50.5959375929472,48.27174,48.92223470656412,51.33288773969841
44.3430796680404,44.952003,48.287729287706675,48.59692068054719
50.601383616742,45.131958,47.7824981982478,48.353750629476316
45.7439909716451,45.297993,49.27818269634201,48.34898803087142
55.0737504948197,56.354565,57.719342292894055,55.60273099662776
45.8211581090681,49.89147,51.21437860281966,52.661548884417805
48.4567930633705,49.992172,50.88461498317239,48.037913749057296
47.7088829900951,50.071243,48.01737244756898,48.28726394271278
48.6966558817612,48.094658,48.63360383904535,51.49748392899219
45.1397551915946,48.20537,48.976292436563064,50.56489591618686
44.1002299090202,47.296032,48.13103006118495,48.196431852289464
54.2262713141499,54.82155,53.094696930948466,53.898879489067255
54.8899272098219,54.708,52.929778621481226,56.087695055620635
48.264295953123,48.797943,46.741428118236094,46.66634220864264
50.4304885741659,50.756584,49.38311184284734,49.157867524439915
61.5243202262103,53.96544,54.06402485463177,54.0087976079865
48.2268801973556,49.976692,48.62441824601177,52.16330901167532
49.9598582979032,51.1372,50.255715820318024,47.00315442054576
58.7868675730328,58.45475,57.42245498162717,54.344866840077046
46.3628750535735,50.264965,48.45990232887371,50.73873205019705
61.8507943238045,54.14209,54.55948383592849,54.05685754943536
54.137219640896,54.8585,54.94393188892529,56.82192005554696
58.235292697402,57.87589,58.3261556001589,53.12070314241384
47.891770261264,48.230145,47.3334293453623,47.366146873576355
43.7167140598371,46.19855,47.233933247812296,47.09132891172339
42.2483355755244,47.941208,47.69723867726313,51.02028643303713
40.4159381229352,47.891037,47.77908476028186,49.733921840028216
45.8549799834177,50.70975,49.81791324410151,53.0150013503187
44.2597209654926,47.378483,47.51133885988778,50.79915407126413
50.345629666009,55.562565,55.56269730653119,54.582694159951544
50.6895851884664,55.960762,54.43333935746426,56.917952717429436
46.2906366645094,52.5059,49.68069727856325,50.96845868509448
57.512030303008,55.415718,57.15779601399843,51.59438665198264
44.5375952690797,54.191574,55.75563528994459,50.09684046070785
55.0161068997629,56.139084,53.814537738708886,54.283848777453215
62.07241053693,55.431816,54.062800338563314,53.1349906406983
55.080593359692,57.218834,57.190561270109434,53.600469704553255
53.8274600587355,57.549774,57.84804093939716,49.76107251496121
50.1799499085124,54.294796,55.733043371377065,51.48539190481435
60.5405193447047,48.85375,47.67866387011601,47.80768821094499
48.8366854498627,54.923996,54.18593326003173,56.305754401289924
48.7334809113815,52.75238,53.2980865848581,54.05828718087302
48.6186776853343,51.175198,52.832375249125974,52.15774247364344
57.9919255916102,52.05329,52.213807259379756,52.623192163024484
46.3517699601519,50.90716,47.29977734501922,46.94432836814246
62.5461599711744,51.56604,50.1314757866283,53.952179343399905
55.4187925335504,53.299408,50.33609628488899,49.92790318267119
50.5927292108242,52.872856,51.34581453193462,52.046263323414784
41.7113517714792,47.160606,48.1441052636019,50.6895086480026
47.7258954736862,52.013744,52.86886625663089,51.68270036309722
62.050114808315,56.737774,57.84891191618875,53.58882043626594
49.2971020513351,50.44434,52.64015234260311,52.89223373622018
53.6759745256094,52.986725,52.22655549675036,54.88488421525467
45.9973518799067,55.40087,54.40727805929936,53.99838595315986
49.8818521318403,48.529087,48.79513273155296,49.25282219966257
52.3413271358028,51.582245,51.67996659274994,52.29984439391501
45.642832399554,50.78215,49.82161062836305,49.774784758293016
61.1905938819125,54.092606,53.10191949503249,54.978456961701184
62.2196859702782,53.722656,53.26046356181034,51.669639658530116
60.8930106749173,51.198868,50.01344057563782,48.923482300692
46.5050742842959,48.26844,47.163149189477714,50.000543569957465
49.3308659468943,53.72477,52.18181599959101,53.048524663786246
62.5776962867423,60.53071,61.37805591778064,57.5230678902648
50.5855896502358,50.228416,49.26625076140816,51.066534535327584
48.1219120051349,48.9178,46.56828954443709,46.820568831220506
62.3482015258516,54.854744,55.11624130253192,52.78767271718025
53.901569978527,52.26959,55.14515679505994,53.948615945881826
43.7112316966255,50.981686,48.57396329778885,48.40635961842188
45.798632698063,53.63293,50.314501247948215,51.51437265136015
44.7786889028457,48.015076,49.248192636025586,48.09860038028242
56.6915894879239,55.98541,57.71740851524393,54.32887071352306
61.2320626772654,56.046352,54.91832426680596,56.7158799057448
52.9936037719217,49.702065,50.76576620158908,46.81096335736019
50.2107210236582,55.38542,52.62052847280416,48.28549508207595
53.8247599716427,53.31631,52.9486203132142,51.02124663124231
55.3087831491285,53.094753,51.13807465000119,53.31183919426901
50.7868983949018,52.191086,50.61235128994746,51.90669150153775
57.8657190161605,57.530178,55.71251751118345,57.16286229631129
47.2404628464486,47.64449,48.77857338419768,50.26590432897935
46.5507788983309,48.536736,50.39299286399273,47.49364744550835
53.2220940156611,52.54364,52.327316934559455,50.36737373095642
61.6043829867261,52.477432,50.14789400590034,53.77928692231334
60.8946407360697,61.56567,57.660557295521045,57.43700756902058
45.201430739109,57.384678,59.77992488480742,57.66341751451313
52.0371799317185,57.041916,56.66512910848497,48.6238651991749
48.5394680914192,52.455944,53.69461306292543,53.708625962849254
47.0292650228232,53.59042,54.64053086348839,52.985850794684964
54.4494760556208,52.1678,53.24839104643244,53.79934940965847
46.5119660762199,49.63653,51.0930988170424,49.69554549446158
47.684478874281,50.348198,50.10946681864706,49.36525067680834
58.2514667236548,52.14347,53.75214602251586,55.78134412088115
54.8601239160296,51.075054,52.523890920618925,55.694041700744435
51.4830405700008,53.348423,54.8587899447378,48.78844401615174
50.4691584691807,52.785934,55.04285873628181,50.65317726870711
50.7604223201264,50.982964,50.44428293327849,50.09276472018948
59.2938205432981,49.850666,50.94733220769991,50.63427692754854
47.0380148530082,47.29107,47.47374593615413,47.49917437025351
51.5354455953759,52.701138,52.593032838314244,58.104497575510095
45.5712132975056,47.349567,48.48970448596437,49.12587591874063
52.0705242335604,55.078773,55.09608500812477,53.86692602435251
59.1850057370729,55.463272,56.63236420126118,56.79767533193307
42.8941412616063,46.883377,47.199045139284074,47.53180909092418
44.7953976001057,47.836617,47.56856358485987,47.76346292504811
46.5496720784227,48.67906,47.787854817397616,55.75918308220129
51.3510196053955,47.56012,47.27750680417754,49.195607933425926
50.4522897455097,52.10575,52.648995674505535,51.06341386602563
43.1592349761496,49.227283,49.01747790263894,52.791915570049625
44.8618765685552,48.768005,47.52932108109968,48.19010125097034
55.093061233904,52.582462,53.52420525219665,53.0477012800162
53.5900428921191,48.495876,50.16745829780967,52.08657798370954
43.8363563091105,49.795498,50.89115703126074,51.043042999441106
49.4522710777589,46.7625,47.39654558644957,52.252607810811945
60.3477043966425,49.739178,53.09533038931144,54.54530562230014
55.3576667294594,51.12022,49.93402717981478,51.893340289687686
48.1890345743303,47.524666,46.89866632803842,50.6111866821552
49.1556848905861,49.28595,49.96227703013069,51.32795185364475
45.9177344458043,49.791965,49.125852671708984,48.887624957451926
52.3989213396729,50.35927,49.20746322055444,49.85435337155943
46.776630230802,50.770954,49.086503324203555,51.434323995595676
47.6001334585649,46.986935,47.984504896277386,47.146527746687006
43.783645734931,48.308586,47.37855361796897,47.34684389132023
49.3313897769128,48.72997,49.50934795265765,53.98773958699803
48.437126949716,44.43973,46.29958887862599,49.68450237271197
55.3035892943984,45.305023,46.13640010737369,51.66436499280417
50.6944795777609,53.014336,54.37585914440429,50.10283368255636
45.4900120331781,48.56586,48.436043733442844,47.26582062718524
52.0731910193072,49.14363,51.785585615728905,53.028757963186216
48.2342292801814,49.691696,48.34310303298553,50.72501795446267
43.143459726238,50.211666,50.97833790522342,50.26230001093885
48.3880817409018,51.232426,49.59450812197937,54.97518814326053
50.9246348957817,52.155933,51.48945002235226,55.44474622238347
52.9059443254575,53.542656,53.752184023467116,54.197846580529315
49.8317892567176,47.343597,46.838114153700296,48.128852910640255
41.0624639085379,47.567863,47.66163895965137,49.47084994269875
50.3897061064873,51.160164,52.081139049586525,52.42399948187821
51.497242595003,50.20196,53.278962433923475,52.7394440620781
56.5637639397763,54.267044,55.85743359394734,56.55866691296115
56.0395105918676,54.965958,54.327579225986675,52.699699727943006
55.1119352888386,53.06518,52.59639917659247,53.32694108016145
49.3309926645012,50.129795,51.701940852541775,52.220206941525284
48.1905351249563,47.3778,47.81510143568675,48.82058427758069
59.0039956477961,63.69852,61.721480334807474,53.70452913445816
46.9373239203773,47.21234,47.05633389665506,47.18374862980662
59.3936406714883,58.4573,55.12474158661815,59.37041431548616
58.23126893084,58.327106,54.322505554418235,55.62334529451744
49.7814785369705,51.355934,50.40454158444151,52.17611348500736
57.8882641069569,54.82269,55.53939658121354,57.498810563408206
46.1410435284763,46.577843,46.96298898611922,50.05554635447977
57.4178022285128,55.264862,54.627074283781845,52.23082458300587
55.724712273303,55.4577,54.74305315598997,52.62013397902241
51.575123118108,55.8377,54.25079713025027,52.39515316959064
51.312228520722,54.62734,52.84498672814039,50.99823955374921
57.3038184350835,51.21846,48.93423693327687,53.683121468074596
46.4920968005378,46.71132,46.81746898241098,46.98617653079721
46.8145996407456,55.024185,55.31836476570726,53.633650842121014
61.0019752219224,57.623817,54.26428159375274,51.84931299177246
62.3383336046027,51.500008,52.42616060588387,49.90484188158738
43.0757378717694,55.561924,53.86424326482508,49.94662192944556
50.8329671857138,52.148388,52.739640688264586,50.934165376245645
50.8753624286847,54.15497,54.76887419974281,56.589037155135166
47.9516256218964,49.02039,49.810436802163125,52.8945406786721
59.411262339077,56.298267,56.13848644913595,54.57414910441213
49.4593074385586,53.11575,52.45416392348407,52.09444084735179
55.0277972445687,51.478107,52.834441581053454,49.766734663920495
56.3341217648363,51.510956,51.312093254557944,53.595163180682185
44.8292696565364,48.263695,50.53108770880517,51.81246944264811
48.2026155205683,51.998573,52.37709097025416,52.17859063932999
42.3237162936511,52.00861,50.51747629829561,49.848970189587355
50.2503818231151,47.869316,47.95089406552345,47.549593462302624
43.4326264025023,47.20691,46.54688164187192,48.49745947686086
48.0483613346084,47.474937,47.76883922610558,48.12377935044596
56.7527940546369,52.404922,53.716318137700846,53.64803268279356
53.3481723882194,48.405567,50.60187438402097,53.37564914805621
51.7768198532005,52.763786,50.55166377381278,50.44762378235635
62.1767146557363,57.919827,57.99671795915552,55.77093205033177
53.3790409950351,56.654884,56.97375099532614,52.562916464451035
60.628989818739,54.713593,53.2436330606938,52.279110373574525
50.6957378663093,50.712887,51.64320915776099,48.85490377259134
50.8565659073206,50.12528,50.47308935725044,51.42059479995338
50.7885204608089,51.17401,50.714099008522446,50.951393136532616
49.8596622634629,52.6891,53.35209108263071,53.16509719300576
48.3472364363836,51.607304,52.000535815029934,52.1372065957164
46.6701053623384,50.834618,52.30155761270447,51.52840524190482
51.2622125676734,48.774494,52.55165370874123,54.31121674563373
54.9166039257355,55.002968,53.672549223985854,53.16522353882517
56.4182531579313,47.130814,51.69998211985491,50.19571500569229
56.535591893678,53.657158,54.07992120849443,51.18999928907888
55.1905644070005,52.508324,51.75563013393093,54.02440353193844
58.667080296029,55.911144,55.10631873430305,52.93745877477467
58.3135195291284,52.942165,52.968173734533785,54.87509009680455
48.9811651475679,47.900738,45.45751596895954,48.87949432648118
51.0304034776747,50.34556,48.041333724279156,47.99920527109313
49.3206091034525,48.973404,49.017375362424126,52.892453953752295
54.5972627295569,55.03356,55.807934158421666,50.597514314001444
48.199562765641,48.468246,52.703417228079516,52.45920769837571
62.2277594195446,56.995903,56.98774046065613,54.75255794953992
50.3999465082343,50.500534,49.14560036221773,46.66721915907603
42.8933622512571,47.136223,46.543769994716435,47.260296894501764
62.9413593729285,57.93628,58.91820052645327,56.508792812738946
57.4978347957722,53.93265,54.46009829527734,52.287856075784184
61.5016785333519,58.829144,58.733991567594806,57.86766834616369
50.6212424435073,57.368156,55.28082276021046,53.84318781795081
50.4122895782576,54.923237,54.78794782251414,55.25444039737873
49.4909893747203,55.498665,54.857573189259384,53.97234167573558
51.1884831243477,45.58669,48.797583602620804,51.590500849214685
47.6166012360998,48.637856,52.640640393330955,54.43158115453062
48.9320634556099,52.286522,51.43715564170925,51.788132808172826
52.9904793206598,53.70237,51.47854365293306,53.119930442680605
51.7393103172509,49.815422,48.41705918925366,49.79574195980963
46.166051476851,50.92456,49.08038343696851,54.35218137660069
47.0288772945744,50.625076,49.375372525336985,51.46900010767936
42.337498373253,49.968864,48.571689956178325,52.25434981421638
41.9858688962813,49.06181,47.09864890372475,48.83414390509637
42.074184820398,48.767124,47.502234015538406,50.32657506957112
49.4090068534265,50.902134,48.68751184622092,50.226784043200695
54.5738558166063,50.19707,51.169230155068156,52.45976674842141
52.8971767722771,48.780266,47.82287931151656,48.59588350339923
58.5945705500886,55.006832,57.465802658846115,52.62264109554778
48.8264495042753,48.546173,47.23538106540956,47.88320051084543
51.921955306091,51.08663,52.631060168199724,51.48326216928216
51.6771479373866,50.886982,52.236314410621965,51.92336463121692
58.674503281635,56.891083,54.1111309661666,53.36365917126696
60.1595855242926,56.518127,56.0165042756761,52.09789343793178
58.6782762124513,54.25669,52.74987957033221,50.03708381933933
61.833531899317,52.697853,52.19527713128143,53.70766886062659
61.1746640470707,56.384598,53.0066247061759,57.30390588729372
48.8325899965052,54.015778,53.259767447658085,50.95591564463162
56.0366322292259,62.372158,60.07067731869521,56.541780437539586
42.9065126382301,49.49994,53.27573875999187,49.573823746289555
56.4593573106954,56.184982,58.172855808988174,56.986091670583555
53.4545921437264,53.450623,52.08244228859241,53.74348298307802
48.1931360172331,53.741497,54.04679969051766,53.163546167875026
61.5555566178937,47.62404,46.58028146014047,49.6848457286457
52.661862088641,53.158085,53.748745371079835,50.96378244454267
48.0242465401492,49.27735,50.24453416013384,51.90566907669283
43.3977394289943,49.263527,51.57132915670918,52.9037229912418
43.1574433844245,50.66717,52.70011944687864,50.36109032507124
43.3596410565927,48.255993,48.06712133587309,51.16252832404919
55.1190694721739,56.31658,57.3868375494598,53.272514866526826
46.5917792277221,50.29367,49.54588465961308,51.37552725292412
56.2970405470064,53.37196,55.33140849158694,52.45378028529767
50.9153785318105,52.426376,50.881361373653576,51.967378912995436
49.2238273025228,47.013275,47.84233742606383,50.67233052812846
60.7952164164353,57.391273,56.645361132291335,57.156454905727315
58.9584026353224,53.533432,52.91652365039821,53.594388749052
59.6320361659342,53.553787,53.46898684083652,53.341793751371405
56.6731683400106,52.74894,54.472253428237366,52.425127588590705
53.4648407102682,53.826317,53.467465607476065,49.054083087854586
54.0333729338758,54.899303,53.38049540644406,51.848761723645204
58.6158056116354,54.57068,52.422141708617204,57.686260120113374
54.3404824043634,49.66816,50.77002693589016,49.4283408193538
46.8257397666028,48.858845,47.76531939077182,51.811130215593984
49.8613343265389,50.747562,49.27261809381675,52.59492267188995
54.7341233590562,54.245365,54.01672902332344,53.64262599096793
53.7175141083528,53.07362,55.181108944158986,51.38341847986602
48.5444830731259,46.944775,48.48058130804765,48.81850105289422
50.6208898314876,48.99083,48.85013181915758,53.06184052909827
48.4827581319153,48.05742,49.24084157689583,49.52457299084693
48.0345452404536,50.76078,51.695784962359134,56.23938375369631
44.5387853267924,49.130623,47.91331325336289,49.50700488262328
54.6666383825402,56.396606,55.46960240176808,50.705143817450534
55.2053702493741,49.61677,49.78653347697533,51.02561545540082
47.3180882430178,45.980278,49.09745654689493,50.77962675190831
57.8219426583777,56.11759,54.89203499975206,55.121040896636586
53.371903301643,55.20466,55.69236058087803,52.09091512576375
57.1317428263828,55.969177,56.58705775181554,54.08364062776036
61.6044337541945,55.473026,57.3293053384896,53.57056010763053
49.8141767312501,49.44001,49.09997639012007,49.90570728959984
52.2101358635278,48.334984,49.61999053505284,52.685470363922576
56.1475332437111,57.25968,55.608427002025074,52.92670331076854
43.152340989267,46.698215,47.50099334726831,49.63890260826308
51.0611148183725,54.94461,55.75951406988246,54.55078385829072
46.1179207506146,56.98895,57.646532077984354,51.70409447554173
47.7677486486132,45.50537,45.38420599069899,48.888025236184916
53.6172613947811,48.23526,49.351998918967034,52.26433531657082
46.6336719400202,47.97185,47.99750503987427,47.020285363147295
46.9414623532745,49.38848,47.49927676326067,50.613109281281055
43.4553667221759,49.482456,50.20491208465186,49.60380226944189
43.1643450639762,50.346542,50.724893462789524,48.2392757500976
47.0077712146821,52.19941,52.02205665142193,51.986475030972414
48.4461057330313,50.998287,48.6939520290476,51.74574314320352
57.302800235741,51.267147,51.80636351546063,52.534360572826905
57.4130253395888,50.359383,49.99829605508472,52.26643573389366
43.853740664183,49.08858,48.378553101302316,50.1959234814149
47.7300061446853,49.828697,49.501847633167664,49.29916389560028
42.3195502993277,49.8235,48.698966128114925,51.575599114362774
51.1436620447819,49.777817,49.31110357770414,50.11036871212005
46.0155330675317,49.007446,48.25472807878736,55.14102607415395
52.8959184100018,50.998276,49.062903715738734,51.485020960172804
43.3971910719321,47.855076,48.74799125997816,47.650065395074904
42.1837957045229,48.14566,47.50205142187207,47.64470467450528
50.5930701864191,49.84331,50.120569442782624,50.49630092115324
52.5610959292233,47.698833,47.588330551796595,52.550471978092375
62.9534035636271,52.03181,51.85002841196738,53.96517578033555
52.4933493237517,52.47941,51.40335404821642,52.46841834334457
60.9103608362921,59.57354,62.30515076846052,60.43843193599219
43.986709201497,47.15355,47.416341453945606,47.523908836935014
47.1955785999533,46.972477,45.93464181403566,47.020741050029756
43.2364772631831,47.036034,46.16898791832634,46.75651337364772
49.3076734298933,47.50073,47.57215187317067,48.03433165411897
44.9084671912732,48.623623,48.78085615619175,48.448523739488046
51.0426590527576,58.527504,58.735369697328125,53.48460832064983
50.1831323168039,49.00484,49.256300045500815,48.68259339942292
47.8568583953873,48.834938,48.497621611911356,48.569525761423456
46.260361251909,48.21305,45.90321022003957,49.553459506322234
47.0940147867953,48.94451,47.624618757552504,47.42051344490828
45.9782632491086,50.449734,51.05847220198802,53.38017234288017
50.4519464298258,51.590096,51.80082462565963,53.64698451551691
43.8306531381469,48.28807,47.82596089865975,52.01825461065621
45.9865794951354,48.457623,48.911440594289694,53.09673513739057
43.3202076055958,50.081177,50.84306532459749,52.28140341182168
48.4860436986325,48.6097,48.79758225350601,51.665584727188225
52.4104441773957,48.71093,48.61408150795777,51.967794291374204
44.1549142309563,47.97378,49.10159070803883,52.31375028319335
43.8635576853316,48.000122,48.62887870861929,51.03143153737863
46.6846860615225,51.043716,50.83018675155468,48.6849385348185
47.6032064698366,48.86008,46.99015328380691,47.646917397820914
54.6876491800421,51.15958,53.30119365834063,53.81995200110201
45.2853102349865,45.874508,46.58147905291845,51.731964576905675
53.2025660112581,52.48111,52.444621050563846,52.821721139002996
56.0991744335562,54.69884,55.39878417386341,51.951796791274866
46.5751510812911,48.42681,46.81420588362012,49.35373643214709
59.0771125810921,58.852104,58.24805801562926,53.907694288249395
53.1659949017469,58.04662,55.6028459373473,53.85938580294055
59.1723723709018,54.45258,54.23941347486948,53.44418723858254
52.7653497441835,50.863358,49.869856939837995,48.20109592576198
57.3849991151339,50.28693,53.90437734272857,53.427114992917375
53.5307645164675,60.019466,59.914896499241756,54.75589006687697
54.991894940572,54.66024,55.545961789234184,55.64284453581943
55.6612589384739,53.438755,52.869176738706464,54.326703578498815
46.3598360713337,50.986515,51.85935166068525,52.12308836299167
50.4597412369091,49.08693,47.7224492348987,50.53214351508285
44.6103108243689,48.620316,48.094991537115334,50.00819769791669
49.9176471269603,51.238426,51.833642174542426,50.93748735583251
43.6736709166341,50.08244,52.17647081258938,48.15230756360623
52.8330232012539,52.91788,52.7436007082178,54.46302000742996
44.8085561669817,49.10894,47.13034311418989,50.712501597210384
52.1735932624636,55.53008,54.70401090437482,54.15475131028574
61.3255957866644,57.654778,56.762278663651,52.393930688477546
52.3890743251814,56.313457,56.23999059739007,53.29973627401929
49.4563832717839,56.34841,57.44214256925856,57.06324412161335
48.7152230394558,51.1845,48.101239539849544,50.861385109530666
50.6824495600311,47.321117,48.4180851896772,47.51114108088407
51.319177640245,51.310955,49.456462342128894,50.20437511618372
55.5955555689812,54.43329,54.4500954376426,52.75655094157723
50.3069058995254,50.23263,49.12024670945351,52.69924219964459
47.1806579342913,51.635124,51.19033551581531,54.33954764847774
45.8140743442549,49.74077,49.52396422892444,53.180324120865286
57.8474779100424,56.02808,54.85505258757181,54.44432639463156
46.4974808557958,46.982254,46.87465699445484,46.6779160137312
54.8447059156275,53.565754,53.35628260916646,54.127252802630416
47.5633338924097,47.561428,49.35200598426426,50.084678461836596
48.4934716241573,48.339916,47.52987857352356,49.00651199420613
48.3148306897163,47.238045,45.73207742075279,49.6939143131853
49.2886590448972,47.128555,48.165415553258015,50.54874598463546
46.9069576443541,51.04084,49.94051774619775,49.04699713712586
63.0148939907263,57.91526,58.42895789163873,53.7796616563667
51.4655334688772,52.414852,54.02486197410233,53.998180681042605
58.0217491081452,55.32621,56.955093959202024,52.871769697670324
51.202173110123,54.7456,54.00202843119139,53.25952350837455
45.0787232614698,52.171497,50.20439500107363,50.28975235400938
52.1533518728466,53.868572,53.66843405345267,52.83709093040692
53.2103562158783,49.451897,49.28320383978519,50.82639697510217
55.4414958079425,49.855812,51.281493564585645,50.352173945758025
58.5201880014129,53.052826,55.12767080126528,49.855428811480536
47.5787472025137,51.733913,52.807389473167056,55.600108275660595
50.1432881243761,49.927906,49.77369014881843,51.02868704350844
47.3320030742723,50.92965,50.4086264355577,52.059192544117884
43.8787002530166,45.813957,49.27070962878354,47.05509357368473
49.7507835446271,47.268143,47.06033402407433,48.74362312751996
47.9288219537325,46.765236,46.09784510049472,48.695206564321914
45.5026177102585,52.0252,51.750973618422066,49.46726446237273
45.9698786701435,50.320267,48.546718546615324,48.15656434910619
55.0632619926608,56.145786,55.43034277620404,52.77429264434351
53.1038512473398,56.64983,54.83983515163922,52.74994792284166
49.0940798951581,55.50673,53.29734184573916,51.81003830605275
58.8767975374072,54.783386,53.64109670961894,53.76395241370633
50.6255096903475,48.27387,48.144025657817764,50.07696248446186
48.949782267711,48.18499,48.45534872208956,50.1850303088352
44.2575769849572,48.999023,48.554366436876045,51.531773655608404
49.6548472511595,49.244175,47.75439499408368,49.588049905386235
61.715601375242,49.991913,50.79810452328362,54.44017815897958
53.0505733158557,49.356163,49.60436555782222,48.67158273002204
57.3557345410464,50.579353,48.558085048969396,52.18939095646574
50.1138451262905,50.58766,51.04712201873343,53.36759898355616
41.8365611766732,49.961273,49.7974847525579,47.98289404076994
41.6657514390184,45.85996,45.01841916374461,47.754293068077
46.3490316692329,49.71375,47.51979394947482,52.381557355674346
46.7117326866422,46.302948,48.937857776217776,49.46744363405096
56.4329210637659,56.79711,56.37276693349536,56.82634411838595
54.0955669411131,61.43171,59.776554060535766,55.25205976081022
56.0524619684796,53.182503,52.73726103687362,51.87614144717852
55.6998258121901,52.59667,50.444417265281736,52.45766528171302
47.2537818751913,48.678112,50.10200317297811,48.86603616581742
51.9727336940074,49.630424,48.559327459345035,50.88228808507844
50.4505232486064,48.322224,49.71648298280006,50.44221044502124
46.3454855625424,47.793747,49.22790040050772,51.30477461237819
53.064451555564,50.806183,49.39061461976772,48.25452918700385
50.4680280997899,51.960743,53.84205882684166,52.932956377520966
60.3436020185978,52.823376,50.28192229859005,50.67963483954604
53.5816140076839,48.80087,48.84536121168992,49.224889798218726
52.7289885961648,48.529076,49.48463268810763,49.55935751220668
54.2720440300551,58.25431,56.13688650675974,51.50359216163098
46.8010003555732,50.861824,49.22907121780738,49.79742117318035
54.1474071423126,53.965607,54.71050159874976,53.05621189490303
49.0510250359265,50.318584,50.73774816355411,53.409943519349866
49.9538996680902,56.235264,54.16682370878125,53.628577666256035
48.7961866788889,50.066395,49.083921212013884,47.922555305491386
46.0699762721899,49.09229,49.21419581520024,50.209530306865055
46.497509397291,52.905396,53.31410695290151,56.069186197572435
50.5255246227072,49.724865,48.80701606079485,48.822524228916
45.1860854715914,51.31812,49.87267223457001,51.6030402950496
58.2982011112848,60.382607,61.72933928260118,60.780702908541215
60.8959738513271,61.368355,61.92307761290597,58.24178657501412
54.0130970233042,58.673943,58.93131043387348,57.250927519459154
61.9542007074106,59.521767,56.18914758198727,54.68147201246262
60.7629541224022,56.559227,56.20905911637232,53.75167243217314
48.3825973817299,52.669796,55.27997148083377,48.32869249113713
44.530494361282,51.248383,52.718393324947435,47.99464328854047
48.8030613446754,48.323242,47.449797004713396,52.876543403322096
45.8871935253295,50.03451,50.85972121430726,50.72286438584587
51.8676878217475,55.047493,52.34967025764638,53.19513364026306
53.8396878566865,50.240536,49.878244242809174,48.666921089727595
46.3654111155976,51.313995,51.75479269403013,52.830491039749674
48.7678120469379,52.009075,51.49394984031618,48.93246261259859
50.9698639597362,50.332943,49.39299098294995,53.61827514838898
55.5569783422554,53.302383,51.7652466521814,49.19033709108147
46.2814970863468,49.77027,48.7819969519578,51.455548504556326
51.4858333012512,49.11417,49.282952398233526,50.54746971297879
50.4686681739045,51.919346,52.30777763894791,49.70997769247644
55.9405320916924,58.309345,57.62806238723481,53.308863679164354
62.1654332646265,59.49769,59.877851747653665,55.65685758593242
62.9773647674213,59.46559,59.509297075304744,54.66687662044141
51.8900471404561,50.99652,53.31073130062123,50.9373250175901
51.3201798589528,53.131805,51.976885957122384,53.350964211611746
54.5617945033337,52.864582,52.2229396641167,52.424080941670326
59.4292906085741,52.61204,52.49072957865506,52.376147388756316
50.9363306486775,51.94637,53.62731902450252,54.52869712634554
50.9002255149785,49.452682,48.01335671252262,50.056118999399445
51.1363751550613,51.6356,52.126022122013076,54.00452803222219
48.691644465055,50.076977,53.84905515655454,51.54809719548323
52.3727620673112,49.2499,50.390570095673326,49.88233273894747
50.4323928635165,52.099216,52.091319180221895,52.14693414622287
49.3773633561493,50.531155,48.92981352723591,51.90936410468652
60.9869542643806,52.88397,51.80945025968409,55.01243956096686
50.1273293244256,58.43717,55.618406109498885,52.85191726087607
48.8137357729291,51.660347,51.745815528106355,50.69651611236656
50.743845399391,51.557335,52.56523109752761,50.76887261877878
61.3872150062756,63.859043,57.68826214098988,57.41799362523921
45.8851741286404,49.77355,47.518275574209994,53.052775151807666
60.1955630574412,64.31647,56.19272164548041,56.48231701736764
52.4210087028348,56.798454,54.67315734974186,55.069736301626406
58.6648108296374,52.77074,53.0888713952857,55.379170738487026
62.9051622350645,53.113937,55.60906730363018,54.95204860541805
47.9253151122955,49.56727,50.959293250431905,51.980781283107525
48.1993662741557,50.43718,50.496761064269734,47.95411621649837
53.8654651193067,55.941803,56.49564425781799,55.177453629706804
61.7815199021147,56.419647,54.459071440204184,55.19930891757983
49.9096631464942,48.12463,47.99971876079458,52.320471223499155
46.9956683603808,51.04837,54.3864597145298,49.454316513258455
48.7736572487576,49.908585,48.913761940232895,50.719954744519576
45.8021306080194,46.563908,47.05122239913704,51.72280894328864
43.4328984132289,56.946243,59.02462935867214,52.94854061178785
47.2732199732351,49.17601,49.41581886759666,49.39565409672722
49.7743628374294,49.159306,47.25788068881503,49.20531689364909
46.5013548571986,48.772266,47.37088379318945,49.30011118758992
55.7606064935776,51.99446,51.94014595498507,48.93561674156237
61.5135091601157,59.00279,61.56328449881985,54.83315956493486
54.8911387045233,51.49829,52.09313159006973,48.62174584613761
52.8817876122591,53.069435,54.1963907492531,53.37303346408443
53.0695013502963,58.06095,58.3381609004139,57.10655796729859
59.308515465488,50.81603,52.00293105633909,52.6230784971307
45.6663874442668,47.580822,46.95075360043988,47.14209922324266
45.1357106688203,46.978943,47.00124320102658,49.43121946973595
49.4026727619763,45.394897,46.020120085813616,48.45546723594728
46.9436591187976,46.361496,45.785902889736484,47.987963580717306
46.6236290949482,53.472668,52.26145542432596,52.68563032092646
43.2230152246071,53.42059,55.71375348445932,54.02441226018767
49.5607199017416,51.751263,49.85150106546464,49.932382087629186
44.7231564265807,49.282124,50.57292572103837,48.70726302750376
45.2474746215765,46.114243,47.16661514965474,47.323511191195436
44.6498346465391,47.949554,47.73631853839048,48.3604127949311
55.4383166756756,50.720257,52.331350789671,53.30348743237675
47.918984199341,48.569084,47.4086709129941,50.59927514439075
51.2083695452752,48.372143,49.959258266635516,49.73676450832729
49.2454208385013,53.6774,55.37509474273377,56.80947241284268
54.8995381467091,48.62947,48.09775467550803,49.533485371342415
57.2930521596234,47.330242,48.2890822789426,49.43847360280678
49.7679348225996,47.49556,48.60322742801343,51.050958421528186
61.4099494929891,59.833923,60.712082176386936,56.944757965267826
50.2606096938454,54.935955,54.04675709590914,53.73662174087839
58.5309077192071,52.432926,50.1931804845738,51.27814132977619
52.7209281020678,54.174397,53.51534041640252,52.853934555625976
61.0509340710647,52.04867,51.29213420334968,54.77071806818174
49.2516199024926,49.60717,51.73014644665205,53.417472996079596
63.1125496116098,58.769665,59.580614465332815,54.976150634652434
52.6472222622796,54.39992,54.91174337795571,53.93286993158823
56.6158295886988,55.271755,55.77805574877765,52.90046037033712
50.677764471252,51.95941,51.95241767935638,51.446732961402596
60.6289703956531,54.42174,54.31076905802619,54.01027994935297
52.0432345043624,51.758026,49.10700445815372,53.01110115633515
52.1619609900653,50.729424,50.983111319901795,52.34509915886321
43.4812105642584,50.94294,49.23542725830045,49.01937647824215
49.5620626876758,47.134975,48.5956165868286,47.26524970441183
50.7618748730715,52.542187,54.84717611432088,51.11939744391893
55.3460642001569,57.19325,57.126024879264904,55.02666963019513
54.1461052168603,56.704773,54.23246368047744,51.68700456402423
57.2781607405032,53.246353,52.99599657647458,53.62163632933256
55.682314970153,50.827866,49.37657181482932,51.43540483095457
56.2391098758943,49.085358,49.64009179475915,48.00390811150595
62.0227680260247,55.040466,53.940957405478024,56.357766617755935
55.6763129832363,53.947437,54.38239284940945,53.708903720968216
61.9034967040758,54.045135,53.84982595891146,53.2688447044885
58.974266989775,61.31119,61.271207496926735,57.559809690362556
61.9038438203668,54.972378,56.340576835769596,52.23440523731143
47.9449857141984,47.909214,47.34587450105525,48.38245197426025
59.5305131998319,59.09197,60.02605214847003,53.003380245611424
55.9481758224381,49.438156,50.73827516062312,48.38432130193145
58.8584649839694,50.393394,49.790537151039594,52.201069867750036
52.8385919985698,48.978897,46.46305042933761,47.924455440651364
57.6359743678405,56.449997,59.50551054855308,55.73769563158098
60.0960640071319,56.153446,58.14629260568767,56.04075150158929
49.8602327501088,49.266167,48.057647017642736,47.649721303357545
49.3389914453086,54.08308,53.25105451316791,54.023069760564496
55.6897724357017,55.651962,53.854660140968996,53.2626977148454
51.3840316759034,49.710842,50.010771534419696,55.68723303491945
45.8030009005667,47.384438,50.892748411590205,50.44382068481034
43.5260138358216,48.92547,50.06220913954737,52.37722682477475
61.2453365038893,51.58326,50.99832125160812,51.605431013652094
50.0186789359785,54.430775,56.53862486479206,54.93224181229496
56.720497355023,53.494625,54.40559447944829,51.86657108961546
47.099011247315,53.401104,53.3598677841402,51.21139695017492
48.8523648370131,52.116604,52.9902958574741,50.535852889303335
43.6175679627236,46.350815,44.816089078209885,47.41548906700285
49.10478046105,47.67897,49.63175932453227,48.11713486324304
51.5869784180242,52.712532,51.727055538284624,53.164318422087064
54.1739267522359,50.25271,53.10843014843601,53.13339094085545
49.6282018813186,50.99085,52.098677230139224,51.8264101084334
54.0063357847797,48.013954,48.405437424881036,51.785916189464125
55.7713995868979,51.08635,52.980215158573046,52.611597519664336
44.9979564995808,49.52212,46.59461558621507,48.1061162939162
49.9011232966369,47.753124,48.74459075353389,48.588896356820335
62.0607553349401,55.66755,53.781489936515804,56.50982455424841
48.3176734306248,50.032093,50.135994185443565,50.5439107318483
52.9640788672786,51.79734,50.39810352406076,51.15420327181835
49.9279847316415,52.943775,51.309086797066826,53.50387157159782
45.0107431444713,47.98363,47.03065538693397,48.670134617601896
43.722364317236,45.590706,47.53575014990828,49.00968024710009
43.6466441297958,47.821106,48.83414199341898,53.81618125857166
45.247056502662,49.62483,48.92402632153333,48.42057412663373
52.3140991018971,48.98759,48.538378771718484,50.11684040236897
43.089830937202,47.442142,48.44915747523949,48.59780845162293
51.0786631638489,58.856464,57.587716128007564,56.84367142638561
47.3315514140646,48.95044,50.00824972800585,54.55947973576486
49.6938996648275,58.75454,59.28872048571873,49.89960370409407
48.7199469876388,50.84226,47.46443958431891,50.652627100429584
54.3708210970369,50.20828,50.942220870615756,54.46132801843945
52.8533228983442,60.00441,56.02680030628092,54.152450018719016
48.9598572496532,56.601856,52.98354810846592,50.73321201771037
47.3806091144471,50.31449,50.713506707072185,48.929378937311405
53.8309542542441,53.525593,54.9708285579111,51.666561062589295
47.2405181000206,47.632957,48.190308518842706,49.564096408899694
44.1552178794645,50.41745,50.08182719797379,51.33530992960054
48.5154852980642,53.048977,53.29444874789763,51.04288067002862
47.7061224493981,52.129105,54.25705913369644,52.63900983583277
61.6488093633465,52.73645,53.17488781150732,50.97276217181778
46.5183596380447,49.045326,51.085528666705635,49.638143054338485
53.2918087153668,55.290573,56.392125133232284,55.5950193098528
43.9345470148897,46.406853,47.20297511450221,52.35694225656786
40.9185974964601,44.993896,48.12542275748388,49.026603967475175
41.7053507801079,46.79736,47.36221835687283,47.33908517658102
49.7395689963102,50.171257,53.23114937256065,53.727536805380176
53.7372799602194,48.673645,49.78553282637907,49.070223434916144
48.1507360864392,49.19499,48.93429549325632,49.127297508376486
47.1742044947038,48.1286,49.378381596093135,48.43840857492676
45.4042684984913,49.628914,50.987272045325604,49.98983095622965
61.824353325944,52.453,52.396091653252775,53.48786704988639
48.0063257669879,50.11536,50.485522293176345,52.10622827984565
46.3346815419759,49.87461,50.453367824485,51.928123616139025
50.0540671401843,53.484528,56.75557176129939,52.70625845183412
43.624482184754,47.577705,47.29844117254076,48.49231879352748
46.7779221948275,47.9119,48.41375208434239,51.164922847084426
43.620006751443,52.553787,52.991884133369716,54.78385423030804
55.6004489132728,53.031845,55.31822431600741,53.45856843477684
62.4229161613979,54.8733,56.31568775600989,54.80014534632871
44.6746058285173,51.549183,51.44375658606133,48.900312530685724
52.0923614197187,51.540127,51.656044009758496,52.64401505651432
55.6264420886091,54.251774,52.64154721678625,53.735820132094176
56.858024094602,53.17758,50.3359957101123,49.72028418847369
48.0513979173809,52.765892,51.82181719677976,51.920315289179044
42.5227200873053,49.073776,49.233345110168926,49.42205076620118
51.3579178896494,52.568336,52.04727589517579,52.26941409660243
57.2644525551903,50.967793,52.03554622698157,52.890045013612536
47.2663297159914,48.14692,46.944121761617225,48.94722543014047
61.1446949585677,49.964794,51.08803725742518,52.47323430119365
46.4443230354042,51.74532,50.13219348501908,47.072073567478604
49.8336335669358,53.050945,54.5887548125426,52.69025617828076
62.1715856643005,54.817593,58.18770927756127,55.846845860691765
61.0269168106375,55.501064,57.9555944559137,56.0421095697616
60.388045305489,54.923775,57.57527362633695,53.892188402828005
54.8079338776229,54.650837,52.00508900741728,53.13296736261204
51.1430899006536,53.020298,53.07203705379715,55.935227450553846
55.0307286824177,59.693867,58.786688201472415,56.9569441751261
57.8514182531279,56.788063,55.81015753260277,53.33661882043641
45.2571252244842,52.72911,52.39237368936266,54.887192710969885
57.82776807565,51.47834,50.965903040789996,51.6798624847411
60.4969013812961,50.381516,54.08007371941675,49.38275441783221
52.3204220617272,50.883488,50.08966881257667,51.27462481874048
41.7591274095529,49.204647,52.134817095764824,51.17800613933271
53.3259340930681,54.564774,55.75184932893558,52.192685895840235
54.3589225915345,55.49846,53.921560499145265,54.462636058449874
52.0796088828709,48.68457,48.98682750308432,46.7451849888872
48.7004028455684,47.162773,48.95113903254004,48.78087674946478
51.46447105988,56.33202,54.499132481490335,55.76645148880018
51.2808017318511,54.61611,52.66306175618129,55.10757637510581
50.608926548755,54.84143,55.65175053734744,60.71408492549053
46.9979050912726,49.730103,49.8786410248367,50.08655049746654
47.9454986795822,53.50619,54.27979483148419,49.41935778466125
50.6521620354792,47.98616,48.6102528261988,48.57253989172845
46.8548974783067,49.415924,49.12252487083188,47.39434294214388
60.2470615301579,52.357258,53.060669415681616,50.95817357204239
57.716174064688,58.414463,59.44315173142884,53.47782962532258
59.3076729156297,58.161995,57.29782223028753,54.488541757647944
47.0417491232839,51.327847,52.53221573560291,54.74943545514381
51.6129793519985,48.783436,47.54853585759727,51.49562391368692
52.9819110247004,48.34787,47.3114179912257,52.1817610929509
53.6024757882898,50.33967,48.89787378289239,49.514088861881554
54.3015259305233,50.60247,49.154938653425965,49.03009389111226
40.5787426590265,46.72408,47.54878461605312,47.51465058565889
43.5393835113227,49.6735,50.729447735909,51.614817740696864
43.9649273338483,49.403275,50.199526009684966,52.332247576913886
55.8377789553041,50.30183,51.50264972362647,52.626837977823214
49.1951769498732,55.267338,54.97005693115415,54.20480297242712
46.0782216956925,49.255627,49.46951787811195,48.32800333712898
46.7456318644871,53.48042,52.962330501060684,51.59340263038287
48.2182115475598,48.29388,49.09994813121902,50.68345426222305
44.5115730198338,48.197304,47.24584292533388,49.07719406895896
47.1548781266143,51.68903,50.39084874859744,53.60619408807598
50.5039739182481,50.36608,48.95433697993957,49.338484128486535
62.8315383725835,48.832035,48.222506177746745,54.10932185925853
59.266797265942,53.424126,51.64467651120566,52.848333072648614
48.1419420904544,54.499947,55.45902112842929,53.35011190612705
54.9221406695323,53.285206,52.742158730001876,52.71155277350217
60.4253983523692,51.856915,51.685786431521564,52.2604964635591
52.3691342541545,51.80869,50.703540295091834,50.541331798439316
45.0883606777537,50.124924,50.002893250159666,52.17313837573338
44.9597356711108,50.08096,49.2674648127195,51.5942252580048
60.8825641583651,56.270855,59.90480934432664,53.817253817892016
55.9094527790891,53.184196,52.899827154959404,55.481024715108894
58.5772124374263,57.19749,57.00227837584233,56.605185837239524
47.7640370200811,47.90064,48.058202898436384,49.65337440095748
49.234797767007,48.453632,48.0235019853015,52.090989757142715
49.6448003653863,50.087753,48.310525328244736,51.44751566288906
47.7619355236179,48.106747,47.48896853519389,50.445109857434794
45.5724932580346,48.23575,46.65252531680431,49.606608541656996
56.3748488945808,54.045414,54.67593372708982,50.90332141971257
52.385391086988,53.406605,53.76628208443369,51.215321821965034
54.5334890156333,53.537064,54.10820287835695,51.437698924567734
57.9782821703357,55.31604,54.13536168201496,53.38351239311084
47.5713052934317,50.920197,51.24025282806391,52.116114571318064
55.4770043266883,52.30482,53.3970405890346,55.26129151907026
61.2252677358156,51.54547,50.03691498855774,51.874204233788866
43.4816269154682,45.854805,47.639392436817815,46.74525312547744
52.8045311229034,51.69622,48.825729545159106,51.084607624315666
53.6292782746334,55.083683,52.91655532699673,53.222311162845465
50.0409563984842,50.206547,49.92363109665002,51.42457641950594
46.0641524423735,47.860233,49.40817890604657,49.946629553213576
50.1543313457191,49.38688,51.16519675594163,52.24866500411979
55.7292008659957,51.958023,50.13400479415076,51.45145424075307
47.2064044264628,51.107967,52.08974759936375,51.98695533014643
58.9210783285415,52.538845,52.27478824384495,50.300882262974504
54.3453877536796,53.964634,54.389132231259175,53.06734944152393
46.0260853737254,50.205196,49.19807014270105,49.119788741003134
47.5756614185275,49.83747,48.08585658122864,52.14421479813702
44.0177280448135,49.303192,51.90606101796667,50.719245478021314
60.2040906837889,57.757076,57.648454225879235,51.13406236884439
62.8553344951503,56.44762,57.60293962407929,53.762093392192455
61.3102207391387,54.002586,54.59718705063784,50.040563437704186
61.1080435473137,56.177746,58.48171810776348,53.16132537564197
60.9422615306858,54.454723,54.318768823222634,54.35491700335102
62.7981846158195,54.67801,54.458064040446594,50.366916269731156
61.1813098127003,57.38921,58.35195933774115,52.13425746783641
60.3437221837065,59.1161,58.761822484723766,56.290022128177334
61.420810517673,56.55455,57.0145636200588,54.34121305653623
61.072705206835,55.766968,56.43287525432407,53.27933317129184
61.7248176507206,55.195427,54.133184968157444,53.55498462138131
60.7758824439138,53.27167,54.07498503259639,51.17833237549008
45.1372935328355,51.57751,51.74976861058701,51.35944748559552
50.3339684000854,48.43389,49.27609751083658,51.018470047402424
51.3478809880438,50.338005,49.0582380150623,49.4576076149874
51.9295022579792,54.78311,52.63008704131621,52.439691040772225
56.4298071320995,51.48422,49.94638789341486,51.948333563323075
61.0002532148167,54.59236,55.790886807439634,54.18825664505133
65.0100743953814,59.633278,60.218478692205366,56.11126444211189
44.8798136609761,47.516834,47.382317327756105,48.372863378252035
61.3992503639403,62.022358,60.54228984323972,57.044664234015
44.9051097871003,52.729534,50.198588697747894,51.807867703375415
54.9801798498769,58.665405,59.187048509249564,57.751861835369624
44.8338439459051,48.409237,48.546937887693836,49.67287172043294
46.2065103115687,52.470318,52.91030129895466,51.98501464194418
51.2969992568829,52.75667,53.88475143948932,52.044958270719064
49.5730208957442,53.099434,53.09398926121085,54.75392607565173
47.4522490545043,48.902576,48.96614841331956,48.72533196763473
50.3968830858695,49.532764,51.40656574058113,48.60719778153134
60.2832715693631,54.742043,56.45931126151722,54.849396254727814
43.6788433971583,49.428406,51.61468168673614,49.34695398510578
44.9906819461079,48.827805,50.368485364050244,50.913332460660975
55.7159778803078,51.96336,53.24288662553404,51.12375669538696
64.6010178874818,55.587425,54.7907847446736,51.74173329426272
45.5388342369566,48.529434,48.08153031555093,48.64227988119127
51.5561838514611,49.05846,47.99651605648986,47.90544124466324
48.1206794388577,48.54363,45.88468503097144,47.130794984216664
44.0727091008741,48.183907,47.60700767864695,47.220131692420175
44.4286126299171,47.70666,48.28468771558061,48.002369867144196
45.9884681469976,48.493298,47.77067200972164,50.849636887880635
51.4042272865813,50.998837,51.99690984346003,49.80091904717282
58.495082633114,57.387543,57.83826081455526,54.02376791535126
46.4356261041732,51.04108,50.34277139160344,52.833013476344995
53.3215680969897,54.290844,53.317587183471105,51.874631202586606
44.5486101044318,47.427963,47.68116850873581,47.35327557866701
43.7761584578561,48.096302,47.50733388367301,50.2182642743305
43.4111521043542,48.38076,48.22052473057328,50.17580606865379
49.7693396995114,50.023876,46.58516238333775,52.14319685538407
45.3555614092851,49.293835,51.677406688917415,50.98629989721109
41.9029158309499,46.04603,46.341964070219994,53.15850322319995
55.681531334603,50.02655,49.90868147051727,52.71312792384014
43.4784187851654,46.250946,46.210185483951555,50.769870985705154
59.7230016622756,57.387543,57.83826081455526,54.02376791535126
51.3668432288503,49.477386,50.770420070006544,54.27824980741294
55.2824588999714,48.861023,49.49558566804938,50.990616019667584
50.233567605645,50.35443,50.95419505775565,49.57326355336925
56.5206405172465,49.484673,50.128816277671355,50.91856716681237
53.089736285166,50.786587,48.91931104712695,48.66046629977862
62.4041193523004,56.639137,59.13376236043555,56.40947391650506
52.0163602862127,50.145645,49.23136498204492,49.537729309148084
48.0217490770156,49.660522,48.996702837746,51.489734332112604
44.1164275213813,49.044754,48.06973746990297,47.9193269631587
46.795850262048,48.377094,47.15360496962738,50.98310243471731
60.5755312806098,53.87692,54.64293840041172,54.84575625109787
49.3827098139296,48.803947,47.4237997976357,51.82529609419762
44.3695834959755,49.084816,48.28778932920642,47.659170325175076
48.1728299779865,48.21466,49.380943267670325,49.772085209788045
48.0002535483952,52.749622,51.037343505818,51.03787710919213
60.3977770756622,55.460686,55.94345849263649,52.41380359305576
57.1110889351259,54.92216,55.25061833989589,54.87916120594783
57.2731456647999,54.95997,56.79010817550375,54.600944520581855
48.3736291368459,49.36211,47.550373232912,51.23756327341783
47.2710198846643,49.609634,48.32555996634054,48.16748009765509
47.8878410304829,49.067608,48.997042762777106,51.99106916349186
48.4777867623943,49.89442,49.63384867294525,52.09051383259629
46.2728243174873,51.039673,49.73328807458331,51.87062437661477
47.7801009129698,54.34429,54.125676952621795,49.62080829206698
51.0522116387078,50.641125,47.6996055500975,53.132829167402825
44.5264265908006,48.297966,48.649227000958874,47.54668815984474
46.4265934123272,50.88248,55.42429768184097,53.77981980830853
43.7994716257984,54.081646,53.531253743380475,52.52197551631536
53.2507721963418,53.870106,54.14434903636327,53.93023590853781
52.0573303997772,54.049053,54.950247782603135,55.975346620780876
58.4632478453235,54.24054,53.641016306075436,54.00613490478548
50.3625550789832,53.97191,51.95395452862247,54.19067227009009
56.067462092384,50.24707,51.757686804578086,52.70163890031501
54.7741860458238,52.27755,53.24754647706791,53.9849206698219
59.7723675688162,54.25312,54.62702348977993,56.02493386094824
56.1487112984889,49.72989,49.4851583298244,51.22508227801558
56.4752704219662,50.82763,50.34844976823857,54.338263893669115
55.8531571249614,51.155758,51.52347001122978,50.54102063958872
45.5379262044826,47.28397,47.860341259136774,49.357781069382945
49.4550078663434,51.95483,52.854105927617475,54.29446129612692
56.7370915472026,48.996674,46.73555765125661,50.19702787038175
52.6696536716399,56.95462,54.57292107651971,53.463486502602024
50.5542797786137,53.416756,55.05921105663446,50.85357237143977
59.8469207125691,54.742043,56.45931126151722,54.849396254727814
62.9274893082767,50.094173,50.66488299524687,50.052612697684864
47.9876189144248,52.28484,53.07658570340576,49.748008087894675
51.8635747351806,50.289093,49.475111328869794,46.84058343233713
48.2632101944725,49.663925,49.68344113744407,51.09183155361051
50.7705429574017,52.608288,51.29976478132114,52.09027524747743
49.4374295218127,52.140976,52.96375222431966,55.86227907716365
48.9362741101782,49.67792,48.91359941928866,50.47816630725233
43.7529434138829,45.782604,48.07323101522465,49.120408873097205
62.0438086779058,50.048126,49.717934443262386,51.7217393737923
62.8807746310429,50.536007,52.30150604955028,53.681340414118615
56.5416417048343,55.605293,54.79404818110324,54.137028108117235
47.5319528560921,48.350765,47.304631646233396,49.34811700409299
47.7365527312266,49.30291,47.651138610367234,46.27271971961954
56.3064295607335,53.585724,53.444373135790855,55.111911568810676
49.9523910802947,52.360233,52.64029425467309,51.72602049426551
48.6445277301822,48.07522,48.52224302441597,50.95239718771411
46.1758414542076,48.49149,47.28811259986317,52.020246267586415
51.2249639618919,53.70231,51.50689424938311,52.552554964905
46.355873738223,47.662704,48.26996829037925,48.05382812827169
47.1895527167271,48.589394,49.32247923755043,48.05663806831107
47.6978442682719,44.77776,48.44393534237582,48.729998986512136
51.5580625173405,53.78838,52.61093084541562,52.61940341156668
48.3486125965463,43.800316,47.956611909338356,48.950388369684006
48.6587469732437,50.76896,49.42852223106754,48.55934483570276
52.6059309445219,50.365738,49.998624735304894,50.86859672517563
53.1734515814015,54.161346,54.826265139618776,53.77393385791353
57.9886175482834,56.643284,55.44909814619596,53.49343697801557
44.0847788252681,51.987823,49.83073769337976,52.774694423930875
49.3574377936808,46.670635,47.89505141449565,50.89781742907942
45.8521830281562,47.71234,47.581164056284116,49.21193077702011
50.4026083812004,46.72858,48.49265864647749,49.268120447395084
51.8773348856288,52.74889,53.33116260590348,50.620204644054255
49.3265058192033,53.519024,52.942150138515224,52.941688884384504
48.1638352911426,48.521317,49.770208441860895,49.912780180252064
46.6880585924855,48.20034,49.4138222286863,49.90573013086669
45.0475749922014,49.180122,49.6643729339061,49.127612153842264
46.2180619922919,51.563404,50.96584729160016,48.89924610439724
50.4285397054485,47.594368,47.599889070652154,47.37902495010666
45.6529572962405,50.91313,50.590377915587815,51.078590911452864
45.1204660668057,48.498287,49.786570511276864,49.524942782952195
50.8221989041955,47.504177,48.149087506824856,50.26844787284999
48.1612238012006,48.199,47.18931682401756,49.59960874668625
45.1137232539498,50.477577,50.54780329966054,50.231512545879816
50.9254707885959,53.468914,53.387417371324254,53.20308084109806
58.291337394136,49.453278,52.15462924171249,56.669071772764006
55.1185086095519,49.16146,48.76393671022265,49.43015073384771
46.9975474750358,51.868496,51.415051298946,51.51321561367577
54.2855014895383,56.718094,58.12242961498333,55.23018002124212
52.2816322322494,55.908535,56.71269515339995,56.3356156480635
53.5384846972699,55.91488,57.90110035197995,57.60379393618203
52.0591578273169,56.126625,55.80353896896311,52.77629360886852
46.7593694611523,46.883583,46.75058914743328,51.379785400234134
50.7027933586287,46.70038,47.345749496810726,48.6064870950374
49.990205201812,49.488766,48.712070417338815,48.464636589073535
